Workbook
Name TransportCostPerUnit: Config!$B$3
Name TaxRate: Config!$B$4
Name MonthlyStorageRent: Config!$B$2

Sheet Floorings
A1: SKU | B1: name | C1: collection | D1: unitType | E1: sqftPerBox | F1: palletSqft | G1: baseProviderCostPerSqft
A2: BS-HEO-40-20-SN | B2: Waterproof LVP - Heemo | C2: Heemo | D2: sqft | E2: 23.9 | F2: 1194.8 | G2: 1.05
A3: BS-HEO-40-20-HA | B3: Waterproof LVP - Heemo | C3: Heemo | D3: sqft | E3: 23.9 | F3: 1194.8 | G3: 1.05
A4: BS-HEO-40-20-SA | B4: Waterproof LVP - Heemo | C4: Heemo | D4: sqft | E4: 23.9 | F4: 1194.8 | G4: 1.05
A5: BS-HEO-40-20-PE | B5: Waterproof LVP - Heemo | C5: Heemo | D5: sqft | E5: 23.9 | F5: 1194.8 | G5: 1.05
A6: BS-HEO-40-20-HI | B6: Waterproof LVP - Heemo | C6: Heemo | D6: sqft | E6: 23.9 | F6: 1194.8 | G6: 1.05
A7: BS-HEO-40-20-CA | B7: Waterproof LVP - Heemo | C7: Heemo | D7: sqft | E7: 23.9 | F7: 1194.8 | G7: 1.05
A8: BS-HEO-40-20-TI | B8: Waterproof LVP - Heemo | C8: Heemo | D8: sqft | E8: 23.9 | F8: 1194.8 | G8: 1.05
A9: BS-HEO-40-20-DC | B9: Waterproof LVP - Heemo | C9: Heemo | D9: sqft | E9: 23.9 | F9: 1194.8 | G9: 1.05
A10: BS-HEO-40-20-CO | B10: Waterproof LVP - Heemo | C10: Heemo | D10: sqft | E10: 23.9 | F10: 1194.8 | G10: 1.05
A11: BS-OZZ-65-22-CA | B11: Waterproof LVP - Ozz | C11: Ozz | D11: sqft | E11: 18.12 | F11: 1087.34 | G11: 1.39
A12: BS-OZZ-65-22-CS | B12: Waterproof LVP - Ozz | C12: Ozz | D12: sqft | E12: 18.12 | F12: 1087.34 | G12: 1.39
A13: BS-OZZ-65-22-HI | B13: Waterproof LVP - Ozz | C13: Ozz | D13: sqft | E13: 18.12 | F13: 1087.34 | G13: 1.39
... A40: BS-UNO-55-22-SH | B40: Waterproof LVP - Ultra Noor | C40: Ultra Noor | D40: sqft | E40: 33.71 | F40: 1685.53 | G40: 1.09

Sheet Moldings
A1: SKU | B1: name | C1: category | D1: unitType | E1: lfPerPiece | F1: piecesPerPallet | G1: baseProviderCostPerLf
A2: G-CED-WHI-11/16X11/16X144 | B2: Cedar, white primed | C2: General | D2: lf | E2: 12 | F2: 3920 | G2: 0.15
A3: G-CED-WHI-11/16X11/16X96 | B3: Cedar, white primed | C3: General | D3: lf | E3: 8 | F3: 3080 | G3: 0.15
A4: B-CED-WHI-1X4X144 | B4: Cedar, white primed 1x4" | C4: Board | D4: lf | E4: 12 | F4: 900 | G4: 0.39
A5: CM-CED-WHI-1X4X144 | B5: Cedar, white primed 1x4" | C5: Crown Molding | D5: lf | E5: 12 | F5: 1080 | G5: 0.39
A6: CM-CED-WHI-1X5X144 | B6: Cedar, white primed 1x5" | C6: Crown Molding | D6: lf | E6: 12 | F6: 900 | G6: 0.49
A7: B-CED-WHI-1X6X144 | B7: Cedar, white primed 1x6" | C7: Board | D7: lf | E7: 12 | F7: 600 | G7: 0.59
A8: B-CED-WHI-1X8X144 | B8: Cedar, white primed 1x8" | C8: Board | D8: lf | E8: 12 | F8: 450 | G8: 0.79
A9: B-CED-WHI-1X6X144 | B9: Cedar, white primed 1x6" (by 5-1/4" actual) | C9: Board | D9: lf | E9: 12 | F9: 600 | G9: 0.59
A10: B-CED-WHI-1X4X144 | B10: Cedar, white primed 1x4" (by 3-1/4" actual) | C10: Board | D10: lf | E10: 12 | F10: 900 | G10: 0.39
A11: WI-CED-WHI-1X4X144 | B11: Cedar, white primed 1x4" | C11: Window/Door Casing | D11: lf | E11: 12 | F11: 1014 | G11: 0.59
A12: RB-CED-WHI-2X4X144 | B12: Cedar, white primed 2x4" | C12: RB3 Casing | D12: lf | E12: 12 | F12: 550 | G12: 0.89
A13: ST-PLYWOO-—X48 | B13: Plywood white primed | C13: Stair Riser | D13: lf | E13: 4 | F13: 5 | G13: 5.99
A14: SH-CED-WHI-17/32”X7-1/4”X144 | B14: Cedar, white primed | C14: Shiplap | D14: lf | E14: 12 | F14: 492 | G14: 0.89

Sheet Inventory
A1: SKU | B1: stockAvailable | C1: stockUnit | D1: mode | E1: leadTimeBackorderDays | F1: date_created | G1: last_purchase_date
A2: BS-HEO-40-20-SN | B2: 800 | C2: sqft | D2: stock_and_backorder | E2: 3-7 | F2: 2025-09-01 | G2: 2025-10-20
A3: G-CED-WHI-11/16X11/16X144 | B3: 200 | C3: lf | D3: stock_and_backorder | E3: 3-7 | F3: 2025-09-01 | G3: 2025-10-20

Sheet Config
A1: parameter | B1: value
A2: MonthlyStorageRent | B2: 250
A3: TransportCostPerUnit | B3: 0.08
A4: TaxRate | B4: 0.07

Sheet DeliveryZones
A1: Zone | B1: Description | C1: BaseFeeFloor | D1: PerSqftFloor | E1: BaseFeeMolding | F1: PerLfMolding
A2: A | B2: Local (Meadow Woods / nearby) | C2: 80 | D2: 0 | E2: 60 | F2: 0
A3: B | B3: Metro Orlando | C3: 120 | D3: 0 | E3: 90 | F3: 0
A4: C | B4: Greater Florida | C4: 160 | D4: 0 | E4: 120 | F4: 0

Sheet OrderSimulator
A1: ItemType | B1: SKU | C1: ProductName | D1: Unit | E1: QtyRequested | F1: CapacityPerPalletBox | G1: PalletsOrBoxes | H1: ProviderCostPerUnit | I1: UnloadCostPerUnit | J1: StorageCostPerUnit | K1: TransportCostPerUnit | L1: BaseCostPerUnit | M1: MarginPct | N1: DiscountPct | O1: FinalUnitPrice | P1: MaterialsSubtotal | Q1: InstallUnitPrice | R1: InstallSubtotal | S1: DeliveryEstimate | T1: ItemTotal | U1: StockModeApplied | V1: LfPerPiece | W1: PiecesPerPallet | X1: PiecesNeeded | Y1: PalletsNeeded | Z1: Zone | AA1: IncludeInstall | AB1: OrderDate | AC1: IncludeDelivery | AD1: TaxAmount | AE1: ItemTotalWithTax
A2: floor | B2: BS-HEO-40-20-SN | C2: {=INDEX(Floorings!$B:$B, MATCH($B2, Floorings!$A:$A, 0))} -> Waterproof LVP - Heemo | D2: {=INDEX(Floorings!$D:$D, MATCH($B2, Floorings!$A:$A, 0))} -> sqft | E2: 1200 | F2: {=INDEX(Floorings!$F:$F, MATCH($B2, Floorings!$A:$A, 0))} -> 1194.8 | G2: =ROUNDUP(E2/F2, 0) -> 2 | H2: {=INDEX(Floorings!$G:$G, MATCH($B2, Floorings!$A:$A, 0))} -> 1.05 | I2: =IF(G2>=9,0.2,IF(G2>=6,0.25,IF(G2>=3,0.3,IF(G2>=1,0.35,0)))) -> 0.35 | J2: {=IF($U2="stock",MAX(0, ROUNDUP((AB2 - INDEX(Inventory!$G:$G, MATCH($B2, Inventory!$A:$A, 0)))/30, 0) * MonthlyStorageRent / INDEX(Inventory!$B:$B, MATCH($B2, Inventory!$A:$A, 0))),0)} -> 0 | K2: =IF($U2="stock", TransportCostPerUnit, 0) -> 0 | L2: =H2+I2+J2+K2 -> 1.4 | M2: 0.35 | N2: 0.05 | O2: =ROUND(L2 * (1 + M2) * (1 - N2), 2) -> 1.8 | P2: =O2 * E2 -> 2160 | Q2: 2.5 | R2: =IF($AA2="Y", Q2 * E2, 0) -> 0 | S2: {=IF($AC2<>"Y",0,IF($Z2="",0,IF($A2="floor",INDEX(DeliveryZones!$C:$C, MATCH(Z2, DeliveryZones!$A:$A, 0)) + INDEX(DeliveryZones!$D:$D, MATCH(Z2, DeliveryZones!$A:$A, 0))*E2,IF($A2="molding",INDEX(DeliveryZones!$E:$E, MATCH(Z2, DeliveryZones!$A:$A, 0)) + INDEX(DeliveryZones!$F:$F, MATCH(Z2, DeliveryZones!$A:$A, 0))*E2,0))))} -> 120 | T2: =P2 + R2 + S2 -> 2280 | U2: {=IF(OR(INDEX(Inventory!$D:$D, MATCH($B2, Inventory!$A:$A, 0))="backorder_only",E2 > INDEX(Inventory!$B:$B, MATCH($B2, Inventory!$A:$A, 0))),"backorder","stock")} -> backorder | Z2: B | AA2: n | AB2: 2025-11-19 | AC2: Y | AD2: =ROUND(T2 * TaxRate, 2) -> 159.6 | AE2: =T2 + AD2 -> 2439.6
A3: molding | B3: G-CED-WHI-11/16X11/16X144 | C3: {=INDEX(Moldings!$B:$B, MATCH($B3, Moldings!$A:$A, 0))} -> Cedar, white primed | D3: {=INDEX(Moldings!$D:$D, MATCH($B3, Moldings!$A:$A, 0))} -> lf | E3: 300 | G3: =Y3 -> 1 | H3: {=INDEX(Moldings!$G:$G, MATCH($B3, Moldings!$A:$A, 0))} -> 0.15 | I3: =IF(Y3>=9,0.2,IF(Y3>=6,0.25,IF(Y3>=3,0.3,IF(Y3>=1,0.35,0)))) -> 0.35 | J3: {=IF($U3="stock",MAX(0, ROUNDUP((AB3 - INDEX(Inventory!$G:$G, MATCH($B3, Inventory!$A:$A, 0)))/30, 0) * MonthlyStorageRent / INDEX(Inventory!$B:$B, MATCH($B3, Inventory!$A:$A, 0))),0)} -> 0 | K3: =IF($U3="stock", TransportCostPerUnit, 0) -> 0 | L3: =H3+I3+J3+K3 -> 0.5 | M3: 0.35 | N3: 0.05 | O3: =ROUND(L3 * (1 + M3) * (1 - N3), 2) -> 0.64 | P3: =O3 * E3 -> 192 | Q3: 1.25 | R3: =IF($AA3="Y", Q3 * E3, 0) -> 375 | S3: {=IF($AC3<>"Y",0,IF($Z3="",0,IF($A3="floor",INDEX(DeliveryZones!$C:$C, MATCH(Z3, DeliveryZones!$A:$A, 0)) + INDEX(DeliveryZones!$D:$D, MATCH(Z3, DeliveryZones!$A:$A, 0))*E3,IF($A3="molding",INDEX(DeliveryZones!$E:$E, MATCH(Z3, DeliveryZones!$A:$A, 0)) + INDEX(DeliveryZones!$F:$F, MATCH(Z3, DeliveryZones!$A:$A, 0))*E3,0))))} -> 90 | T3: =P3 + R3 + S3 -> 657 | U3: {=IF(OR(INDEX(Inventory!$D:$D, MATCH($B3, Inventory!$A:$A, 0))="backorder_only",E3 > INDEX(Inventory!$B:$B, MATCH($B3, Inventory!$A:$A, 0))),"backorder","stock")} -> backorder | V3: {=INDEX(Moldings!$E:$E, MATCH($B3, Moldings!$A:$A, 0))} -> 12 | W3: {=INDEX(Moldings!$F:$F, MATCH($B3, Moldings!$A:$A, 0))} -> 3920 | X3: =ROUNDUP(E3 / V3, 0) -> 25 | Y3: =ROUNDUP(X3 / W3, 0) -> 1 | Z3: B | AA3: Y | AB3: 2025-11-19 | AC3: Y | AD3: =ROUND(T3 * TaxRate, 2) -> 45.99 | AE3: =T3 + AD3 -> 702.99
